...1,Country,Date,Cum_conf_cases,Cum_susp_cases,Cum_conf_death
1,Guinea,2015-03-10,2871,22,1778
2,Liberia,2015-03-10,3150,4314,NA
3,Sierra Leone,2015-03-10,8428,2904,3263
11,Guinea,2015-03-06,2840,16,1755
12,Liberia,2015-03-06,3150,4222,NA
13,Sierra Leone,2015-03-06,8389,2841,3210
20,Guinea,2015-03-05,2833,12,1749
21,Liberia,2015-03-05,3150,4222,NA
22,Sierra Leone,2015-03-05,8383,2827,3199
34,Guinea,2015-03-04,2808,5,1735
35,Liberia,2015-03-04,3153,4224,NA
36,Sierra Leone,2015-03-04,8353,2803,3164
38,Guinea,2015-03-02,2808,5,1735
39,Liberia,2015-03-02,3153,4224,NA
40,Sierra Leone,2015-03-02,8353,2803,3164
47,Guinea,2015-02-27,2790,8,1721
48,Liberia,2015-02-27,3153,4224,NA
49,Sierra Leone,2015-02-27,8320,2763,3124
56,Guinea,2015-02-26,2781,7,1714
57,Liberia,2015-02-26,3153,4224,NA
58,Sierra Leone,2015-02-26,8308,2746,3113
65,Guinea,2015-02-25,2762,6,1704
66,Liberia,2015-02-25,3153,4197,NA
67,Sierra Leone,2015-02-25,8289,2725,3095
74,Guinea,2015-02-23,2758,10,1699
75,Liberia,2015-02-23,3153,4188,NA
76,Sierra Leone,2015-02-23,8223,2645,3057
83,Guinea,2015-02-20,2734,2,1688
84,Liberia,2015-02-20,3152,4062,NA
85,Sierra Leone,2015-02-20,8223,2645,3057
92,Guinea,2015-02-19,2732,2,1686
93,Liberia,2015-02-19,3152,4062,NA
94,Sierra Leone,2015-02-19,8223,2645,3057
101,Guinea,2015-02-18,2727,7,1683
102,Sierra Leone,2015-02-18,8212,2604,3042
103,Liberia,2015-02-18,3149,3982,NA
110,Guinea,2015-02-17,2727,7,1683
111,Liberia,2015-02-17,3149,3982,NA
112,Sierra Leone,2015-02-17,8212,2604,3042
119,Guinea,2015-02-16,2720,7,1678
120,Liberia,2015-02-16,3149,3982,NA
121,Sierra Leone,2015-02-16,8199,2588,3035
127,Guinea,2015-02-13,2693,15,1659
128,Liberia,2015-02-13,3147,3908,3858
129,Sierra Leone,2015-02-13,8155,2545,2997
137,Guinea,2015-02-12,2685,16,1651
138,Liberia,2015-02-12,3146,3862,3826
139,Sierra Leone,2015-02-12,8138,2529,2984
146,Guinea,2015-02-11,2674,18,1643
147,Sierra Leone,2015-02-11,8135,2512,2975
148,Liberia,2015-02-11,3146,3862,3826
154,Guinea,2015-02-10,2674,18,1643
155,Liberia,2015-02-10,3146,3862,3826
156,Sierra Leone,2015-02-10,8135,2512,2975
164,Guinea,2015-02-06,2628,11,1608
165,Liberia,2015-02-06,3143,3732,NA
166,Sierra Leone,2015-02-06,8084,2421,2935
173,Guinea,2015-02-05,2621,18,1600
174,Liberia,2015-02-05,3143,3732,NA
175,Sierra Leone,2015-02-05,8063,2406,2920
182,Guinea,2015-02-04,2608,20,1597
183,Liberia,2015-02-04,3143,3732,NA
184,Sierra Leone,2015-02-04,8059,2394,2910
191,Guinea,2015-02-03,2608,20,1597
192,Liberia,2015-02-03,3143,3717,NA
193,Sierra Leone,2015-02-03,8059,2394,2910
199,Guinea,2015-02-02,2593,24,1595
200,Liberia,2015-02-02,3138,3666,NA
201,Sierra Leone,2015-02-02,8042,2378,2908
209,Guinea,2015-01-30,2575,13,1581
210,Liberia,2015-01-30,3138,3641,NA
211,Sierra Leone,2015-01-30,7989,2285,2850
218,Guinea,2015-01-29,2571,18,1579
219,Liberia,2015-01-29,3138,3641,NA
220,Sierra Leone,2015-01-29,7977,2273,2841
226,Sierra Leone,2015-01-28,7968,2263,2833
227,Guinea,2015-01-28,2569,16,1578
228,Liberia,2015-01-28,3138,3620,NA
235,Liberia,2015-01-27,3138,3620,NA
236,Guinea,2015-01-27,2569,16,1578
237,Sierra Leone,2015-01-27,7968,2263,2833
244,Guinea,2015-01-26,2559,18,1574
245,Sierra Leone,2015-01-26,7963,2241,2829
246,Liberia,2015-01-26,3136,3534,NA
253,Liberia,2015-01-23,3136,3534,NA
255,Sierra Leone,2015-01-23,7921,2192,2793
256,Guinea,2015-01-23,2545,9,1561
262,Liberia,2015-01-22,3136,3534,NA
263,Guinea,2015-01-22,2542,12,1560
264,Sierra Leone,2015-01-22,7909,2166,2787
271,Guinea,2015-01-21,2539,13,1557
272,Liberia,2015-01-21,3135,3489,NA
273,Sierra Leone,2015-01-21,7903,2150,2779
280,Guinea,2015-01-20,2539,13,1557
281,Sierra Leone,2015-01-20,7903,2150,2779
282,Liberia,2015-01-20,3135,3489,NA
289,Guinea,2015-01-19,2539,15,1556
290,Sierra Leone,2015-01-19,7883,2136,2766
292,Liberia,2015-01-19,3131,3454,NA
300,Guinea,2015-01-16,2525,12,1541
301,Liberia,2015-01-16,3127,3394,NA
302,Sierra Leone,2015-01-16,7825,2074,2717
307,Guinea,2015-01-15,2522,11,1537
308,Liberia,2015-01-15,3127,3394,NA
309,Sierra Leone,2015-01-15,7802,2061,2701
318,Guinea,2015-01-14,2514,8,1530
319,Liberia,2015-01-14,3127,3365,NA
320,Sierra Leone,2015-01-14,7786,2051,2696
325,Guinea,2015-01-13,2508,7,1523
326,Liberia,2015-01-13,3123,3322,NA
327,Sierra Leone,2015-01-13,7766,2041,2683
332,Liberia,2015-01-12,3123,3322,NA
333,Guinea,2015-01-12,2508,7,1523
334,Sierra Leone,2015-01-12,7766,2041,2683
335,Liberia,2015-01-09,3123,3309,NA
336,Guinea,2015-01-09,2493,18,1515
337,Sierra Leone,2015-01-09,7759,1984,2611
342,Liberia,2015-01-08,3118,3232,NA
343,Guinea,2015-01-08,2477,17,1504
344,Sierra Leone,2015-01-08,7759,1984,2611
345,Guinea,2015-01-07,2471,22,1499
346,Liberia,2015-01-07,3118,3223,NA
347,Sierra Leone,2015-01-07,7602,1819,2577
354,Guinea,2015-01-06,2471,22,1499
355,Liberia,2015-01-06,3118,3223,NA
356,Sierra Leone,2015-01-06,7602,1819,2577
363,Guinea,2015-01-05,2465,26,1488
364,Liberia,2015-01-05,3116,3198,NA
365,Sierra Leone,2015-01-05,7570,1915,2549
372,Guinea,2015-01-02,2435,19,1463
373,Liberia,2015-01-02,3110,3132,NA
374,Sierra Leone,2015-01-02,7476,1870,2461
381,Guinea,2014-12-31,2397,34,1433
382,Liberia,2014-12-31,3110,3132,NA
383,Sierra Leone,2014-12-31,7354,1805,2392
389,Guinea,2014-12-30,2397,34,1433
390,Liberia,2014-12-30,3108,3096,NA
391,Sierra Leone,2014-12-30,7354,1805,2392
397,Guinea,2014-12-29,2384,36,1422
398,Liberia,2014-12-29,3108,3096,NA
399,Sierra Leone,2014-12-29,7326,1796,2366
405,Guinea,2014-12-26,2342,19,1385
406,Liberia,2014-12-26,3085,3020,NA
407,Sierra Leone,2014-12-26,7160,1756,2289
413,Guinea,2014-12-24,2284,50,1344
414,Liberia,2014-12-24,3085,3020,NA
415,Sierra Leone,2014-12-24,7017,1700,2216
421,Guinea,2014-12-23,2284,50,1344
422,Liberia,2014-12-23,3085,2991,NA
423,Sierra Leone,2014-12-23,7017,1700,2216
429,Guinea,2014-12-22,2259,49,1323
430,Liberia,2014-12-22,3085,2991,NA
431,Sierra Leone,2014-12-22,6975,1677,2190
437,Guinea,2014-12-17,2127,26,1262
438,Liberia,2014-12-17,2946,3050,NA
439,Sierra Leone,2014-12-17,6702,1575,1876
445,Guinea,2014-12-15,2115,16,1255
446,Liberia,2014-12-15,2946,3050,NA
447,Sierra Leone,2014-12-15,6638,1556,1824
453,Guinea,2014-12-10,2051,20,1207
454,Liberia,2014-12-10,2830,3075,NA
455,Sierra Leone,2014-12-10,6375,1443,1559
461,Guinea,2014-12-03,1929,25,1117
462,Liberia,2014-12-03,2801,3042,NA
463,Sierra Leone,2014-12-03,5978,1255,1374
469,Guinea,2014-12-01,1921,24,1102
470,Liberia,2014-12-01,2801,3042,NA
471,Sierra Leone,2014-12-01,5831,1199,1321
477,Guinea,2014-11-26,1850,74,1050
478,Liberia,2014-11-26,2727,2687,NA
479,Sierra Leone,2014-11-26,5441,1079,1189
485,Guinea,2014-11-21,1745,86,998
486,Liberia,2014-11-21,2669,2663,NA
487,Sierra Leone,2014-11-21,5152,959,1058
493,Guinea,2014-11-19,1698,63,982
494,Liberia,2014-11-19,2643,2664,NA
495,Sierra Leone,2014-11-19,5056,938,1041
501,Guinea,2014-11-14,1647,64,958
502,Liberia,2014-11-14,2562,2600,NA
503,Sierra Leone,2014-11-14,4683,824,978
509,Guinea,2014-11-12,1612,58,934
510,Liberia,2014-11-12,2553,2582,NA
511,Sierra Leone,2014-11-12,4523,766,960
517,Guinea,2014-11-07,1479,77,850
518,Liberia,2014-11-07,2514,2476,NA
519,Sierra Leone,2014-11-07,4149,634,921
525,Guinea,2014-11-05,1457,70,837
526,Liberia,2014-11-05,2451,2447,NA
527,Sierra Leone,2014-11-05,4057,623,893
533,Guinea,2014-10-31,1409,54,NA
534,Liberia,2014-10-31,2515,2480,NA
535,Sierra Leone,2014-10-31,3778,1238,NA
541,Guinea,2014-10-29,1391,316,NA
542,Liberia,2014-10-29,2515,2480,NA
543,Sierra Leone,2014-10-29,3700,1213,NA
549,Guinea,2014-10-25,1312,47,732
550,Liberia,2014-10-25,965,1594,1241
551,Sierra Leone,2014-10-25,3389,470,1008
557,Guinea,2014-10-22,1289,58,710
558,Liberia,2014-10-22,965,1594,1241
559,Sierra Leone,2014-10-22,3223,446,986
564,Guinea,2014-10-17,1217,111,671
565,Sierra Leone,2014-10-17,2977,396,932
570,Guinea,2014-10-15,1184,98,653
571,Liberia,2014-10-15,950,1376,NA
572,Sierra Leone,2014-10-15,2849,366,926
577,Guinea,2014-10-10,1097,73,598
578,Liberia,2014-10-10,943,1259,1072
579,Sierra Leone,2014-10-10,2593,320,753
584,Guinea,2014-10-08,1044,74,587
585,Liberia,2014-10-08,941,1188,1018
586,Sierra Leone,2014-10-08,2455,297,725
590,Guinea,2014-10-03,977,45,562
591,Liberia,2014-10-03,931,1190,934
592,Sierra Leone,2014-10-03,2179,221,575
596,Guinea,2014-10-01,950,37,535
597,Liberia,2014-10-01,927,1113,890
598,Sierra Leone,2014-10-01,2076,191,574
601,Guinea,2014-09-26,876,36,481
602,Liberia,2014-09-26,914,1005,792
603,Sierra Leone,2014-09-26,1816,168,557
606,Guinea,2014-09-24,832,28,468
607,Liberia,2014-09-24,890,921,671
608,Sierra Leone,2014-09-24,1745,158,552
611,Guinea,2014-09-22,818,28,465
612,Liberia,2014-09-22,863,817,670
613,Sierra Leone,2014-09-22,1640,136,545
616,Guinea,2014-09-18,750,30,435
617,Liberia,2014-09-18,812,675,631
618,Sierra Leone,2014-09-18,1513,123,517
621,Guinea,2014-09-16,743,31,429
622,Liberia,2014-09-16,790,539,563
623,Sierra Leone,2014-09-16,1464,119,514
626,Guinea,2014-09-12,678,32,403
627,Liberia,2014-09-12,654,453,498
628,Sierra Leone,2014-09-12,1287,100,478
631,Guinea,2014-09-08,664,47,400
632,Liberia,2014-09-08,634,443,508
633,Sierra Leone,2014-09-08,1234,90,461
636,Guinea,2014-09-05,604,56,362
637,Liberia,2014-09-05,614,369,431
638,Sierra Leone,2014-09-05,1146,78,443
641,Guinea,2014-08-29,482,25,287
642,Liberia,2014-08-29,322,382,225
643,Sierra Leone,2014-08-29,935,54,380
645,Sierra Leone,2015-03-11,8428,2904,3263
646,Guinea,2015-03-11,2871,22,1778
647,Liberia,2015-03-11,3150,4314,NA
654,Guinea,2015-03-12,2901,34,1792
655,Liberia,2015-03-12,3150,4314,NA
656,Sierra Leone,2015-03-12,8463,2927,3289
663,Guinea,2015-03-13,2911,25,1797
664,Liberia,2015-03-13,3150,4453,NA
665,Sierra Leone,2015-03-13,8469,2940,3297
672,Guinea,2015-03-16,2957,21,1821
673,Liberia,2015-03-16,3150,4453,NA
674,Sierra Leone,2015-03-16,8484,2971,3321
681,Guinea,2015-03-17,2966,28,1829
682,Liberia,2015-03-17,3150,4497,NA
683,Sierra Leone,2015-03-17,8487,2977,3325
690,Guinea,2015-03-18,2966,28,1829
691,Liberia,2015-03-18,3150,4497,NA
692,Sierra Leone,2015-03-18,8487,2977,3325
699,Guinea,2015-03-20,2988,21,1846
700,Liberia,2015-03-20,3150,4526,NA
701,Sierra Leone,2015-03-20,8508,2999,3346
708,Guinea,2015-03-23,3007,15,1863
709,Liberia,2015-03-23,3151,4563,NA
710,Sierra Leone,2015-03-23,8518,3024,3376
717,Guinea,2015-03-24,3011,20,1865
718,Liberia,2015-03-24,3151,4572,NA
719,Sierra Leone,2015-03-24,8520,3034,3381
726,Guinea,2015-03-25,3011,20,1865
727,Sierra Leone,2015-03-25,8520,3034,3381
728,Liberia,2015-03-25,3151,4572,NA
735,Liberia,2015-03-26,3151,4572,NA
736,Guinea,2015-03-26,3032,29,1875
737,Sierra Leone,2015-03-26,8529,3050,3398
744,Sierra Leone,2015-03-27,8532,3070,3407
745,Liberia,2015-03-27,3151,4572,NA
746,Guinea,2015-03-27,3042,26,1878
753,Guinea,2015-04-07,3089,12,1919
754,Liberia,2015-04-07,3151,4832,NA
755,Sierra Leone,2015-04-07,8555,3297,3466
762,Guinea,2015-04-09,3093,8,1921
763,Liberia,2015-04-09,3151,4832,NA
764,Sierra Leone,2015-04-09,8558,3310,3475
771,Guinea,2015-04-13,3112,15,1928
772,Liberia,2015-04-13,3151,4832,NA
773,Sierra Leone,2015-04-13,8560,3341,3488
780,Guinea,2015-04-14,3117,17,1932
781,Liberia,2015-04-14,3151,4832,NA
782,Sierra Leone,2015-04-14,8563,3351,3491
789,Guinea,2015-04-15,3117,17,1932
790,Liberia,2015-04-15,3151,5012,NA
791,Sierra Leone,2015-04-15,8563,3351,3491
798,Guinea,2015-04-16,3124,28,1934
799,Liberia,2015-04-16,3151,5012,NA
800,Sierra Leone,2015-04-16,8566,3370,3499
807,Guinea,2015-04-17,3126,29,1937
808,Liberia,2015-04-17,3151,5012,NA
809,Sierra Leone,2015-04-17,8569,3388,3499
816,Guinea,2015-04-20,3133,17,1942
817,Liberia,2015-04-20,3151,5012,NA
818,Sierra Leone,2015-04-20,8572,3397,3506
825,Guinea,2015-04-21,3136,14,1943
826,Liberia,2015-04-21,3151,5012,NA
827,Sierra Leone,2015-04-21,8573,3405,3511
834,Sierra Leone,2015-04-22,8575,3405,3511
835,Guinea,2015-04-22,3136,14,1943
836,Liberia,2015-04-22,3151,5182,NA
843,Guinea,2015-04-23,3144,9,1947
844,Liberia,2015-04-23,3151,5182,NA
845,Sierra Leone,2015-04-23,8581,3426,3519
852,Guinea,2015-04-24,3145,16,1950
853,Liberia,2015-04-24,3151,5182,NA
854,Sierra Leone,2015-04-24,8584,3442,3520
861,Guinea,2015-04-27,3154,16,1959
862,Liberia,2015-04-27,3151,5182,NA
863,Sierra Leone,2015-04-27,8585,3490,3529
870,Guinea,2015-04-28,3158,11,1962
871,Liberia,2015-04-28,3151,5292,NA
872,Sierra Leone,2015-04-28,8586,3498,3533
879,Guinea,2015-04-30,3159,7,1966
880,Liberia,2015-04-30,3151,5292,NA
881,Sierra Leone,2015-04-30,8588,3512,3535
888,Guinea,2015-05-01,3161,2,1968
889,Liberia,2015-05-01,3151,5292,NA
890,Sierra Leone,2015-05-01,8590,3521,3535
897,Guinea,2015-05-04,3163,13,1970
898,Liberia,2015-05-04,3151,5292,NA
899,Sierra Leone,2015-05-04,8592,3547,3536
906,Guinea,2015-05-05,3167,7,1971
907,Liberia,2015-05-05,3151,5477,NA
908,Sierra Leone,2015-05-05,8595,3558,3537
915,Guinea,2015-05-06,3167,7,1971
916,Liberia,2015-05-06,3151,5534,NA
917,Sierra Leone,2015-05-06,8595,3558,3537
924,Guinea,2015-05-07,3170,7,1972
925,Liberia,2015-05-07,3151,5534,NA
926,Sierra Leone,2015-05-07,8597,3586,3538
933,Guinea,2015-05-08,3170,7,1972
934,Liberia,2015-05-08,3151,5534,NA
935,Sierra Leone,2015-05-08,8597,3608,3538
942,Guinea,2015-05-11,3173,11,1976
943,Liberia,2015-05-11,3151,5574,NA
944,Sierra Leone,2015-05-11,8597,3635,3538
951,Guinea,2015-05-12,3174,8,1977
952,Liberia,2015-05-12,3151,5574,NA
953,Sierra Leone,2015-05-12,8597,3639,3538
960,Guinea,2015-05-13,3173,11,1976
961,Liberia,2015-05-13,3151,5574,NA
962,Sierra Leone,2015-05-13,8597,3635,3538
969,Guinea,2015-05-15,3189,11,1982
970,Liberia,2015-05-15,3151,5574,NA
971,Sierra Leone,2015-05-15,8598,3655,3538
980,Guinea,2015-05-14,3187,9,1980
981,Liberia,2015-05-14,3151,5574,NA
982,Sierra Leone,2015-05-14,8597,3652,3538
989,Guinea,2015-05-19,3201,15,1988
990,Liberia,2015-05-19,3151,5636,NA
991,Sierra Leone,2015-05-19,8605,3740,3541
999,Guinea,2015-05-18,3195,12,1986
1000,Liberia,2015-05-18,3151,5636,NA
1001,Sierra Leone,2015-05-18,8603,3703,3540
1010,Guinea,2015-05-20,3201,15,1988
1011,Liberia,2015-05-20,3151,5636,NA
1012,Sierra Leone,2015-05-20,8605,3740,3541
1019,Guinea,2015-05-21,3204,26,1990
1020,Liberia,2015-05-21,3151,5636,NA
1021,Sierra Leone,2015-05-21,8607,3762,3541
1030,Guinea,2015-05-22,3205,23,1993
1031,Liberia,2015-05-22,3151,5636,NA
1032,Sierra Leone,2015-05-22,8608,3771,3541
1039,Guinea,2015-05-26,3210,12,2001
1040,Liberia,2015-05-26,3151,5636,NA
1041,Sierra Leone,2015-05-26,8608,3811,3542
1049,Guinea,2015-05-25,3208,13,1999
1050,Liberia,2015-05-25,3151,5636,NA
1051,Sierra Leone,2015-05-25,8608,3801,3542
1059,Guinea,2015-05-27,3210,12,2001
1060,Liberia,2015-05-27,3151,5636,NA
1061,Sierra Leone,2015-05-27,8608,3811,3542
1069,Guinea,2015-05-28,3214,6,2004
1070,Liberia,2015-05-28,3151,5636,NA
1071,Sierra Leone,2015-05-28,8611,3837,3545
1079,Guinea,2015-05-29,3216,9,2006
1080,Liberia,2015-05-29,3151,5636,NA
1081,Sierra Leone,2015-05-29,8614,3844,3545
1089,Guinea,2015-06-01,3220,14,2009
1090,Liberia,2015-06-01,3151,5636,NA
1091,Sierra Leone,2015-06-01,8618,3911,3545
1100,Guinea,2015-06-02,3223,10,2010
1101,Liberia,2015-06-02,3151,5636,NA
1102,Sierra Leone,2015-06-02,8620,3920,3546
1109,Guinea,2015-06-03,3223,10,2010
1110,Liberia,2015-06-03,3151,5636,NA
1111,Sierra Leone,2015-06-03,8620,3920,3546
1119,Guinea,2015-06-04,3227,11,2012
1120,Liberia,2015-06-04,3151,5636,NA
1121,Sierra Leone,2015-06-04,8623,3940,3546
1130,Guinea,2015-06-05,3228,17,2012
1131,Liberia,2015-06-05,3151,5636,NA
1132,Sierra Leone,2015-06-05,8624,3948,3546
1139,Guinea,2015-06-08,3237,13,2016
1140,Liberia,2015-06-08,3151,5636,NA
1141,Sierra Leone,2015-06-08,8630,3967,3547
1149,Guinea,2015-06-09,3239,12,2018
1150,Liberia,2015-06-09,3151,5636,NA
1151,Sierra Leone,2015-06-09,8635,3979,3549
1159,Liberia,2015-06-10,3151,5636,NA
1160,Sierra Leone,2015-06-10,8635,3979,3549
1162,Guinea,2015-06-10,3239,12,2018
1169,Guinea,2015-06-11,3243,12,2021
1170,Liberia,2015-06-11,3151,5636,NA
1171,Sierra Leone,2015-06-11,8638,3986,3551
1179,Guinea,2015-06-12,3243,15,2021
1180,Liberia,2015-06-12,3151,5636,NA
1181,Sierra Leone,2015-06-12,8647,3998,3551
1189,Guinea,2015-06-15,3249,9,2024
1190,Liberia,2015-06-15,3151,5636,NA
1191,Sierra Leone,2015-06-15,8649,4026,3553
1200,Guinea,2015-06-16,3249,10,2025
1201,Liberia,2015-06-16,3151,5636,NA
1202,Sierra Leone,2015-06-16,8649,4029,3553
1210,Guinea,2015-06-17,3245,10,2025
1211,Liberia,2015-06-17,3151,5636,NA
1212,Sierra Leone,2015-06-17,8649,4029,3553
1219,Guinea,2015-06-18,3246,10,2026
1220,Liberia,2015-06-18,3151,5636,NA
1221,Sierra Leone,2015-06-18,8651,4052,3556
1230,Guinea,2015-06-19,3247,8,2027
1231,Liberia,2015-06-19,3151,5636,NA
1232,Sierra Leone,2015-06-19,8654,4071,3560
1240,Guinea,2015-06-22,3254,16,2028
1241,Liberia,2015-06-22,3151,5636,NA
1242,Sierra Leone,2015-06-22,8657,4107,3562
1249,Guinea,2015-06-23,3257,18,2030
1250,Liberia,2015-06-23,3151,5636,NA
1251,Sierra Leone,2015-06-23,8657,4115,3562
1259,Guinea,2015-06-24,3257,18,2030
1260,Liberia,2015-06-24,3151,5636,NA
1261,Sierra Leone,2015-06-24,8657,4115,3562
1269,Guinea,2015-06-25,3264,11,2037
1270,Liberia,2015-06-25,3151,5636,NA
1271,Sierra Leone,2015-06-25,8660,4136,3565
1279,Guinea,2015-06-26,3266,11,2037
1280,Liberia,2015-06-26,3151,5636,NA
1281,Sierra Leone,2015-06-26,8662,4144,3565
1290,Guinea,2015-06-29,3268,13,2039
1291,Liberia,2015-06-29,3151,5636,NA
1292,Sierra Leone,2015-06-29,8664,4164,3566
1300,Guinea,2015-06-30,3269,17,2039
1301,Liberia,2015-06-30,3151,5636,NA
1302,Sierra Leone,2015-06-30,8665,4167,3566
1309,Guinea,2015-07-01,3269,17,2039
1310,Liberia,2015-07-01,3151,5636,NA
1311,Sierra Leone,2015-07-01,8665,4167,3566
1320,Guinea,2015-07-02,3277,18,2040
1321,Liberia,2015-07-02,3151,5636,NA
1322,Sierra Leone,2015-07-02,8668,4174,3567
1329,Sierra Leone,2015-07-03,8671,4177,3569
1330,Liberia,2015-07-03,3151,5636,NA
1331,Guinea,2015-07-03,3279,21,2042
1340,Guinea,2015-07-06,3287,7,2048
1341,Liberia,2015-07-06,3151,5636,NA
1342,Sierra Leone,2015-07-06,8673,4190,3574
1351,Guinea,2015-07-07,3287,11,2049
1352,Sierra Leone,2015-07-07,8674,4194,3574
1353,Liberia,2015-07-07,3151,5636,NA
1362,Sierra Leone,2015-07-08,8674,4194,3574
1363,Liberia,2015-07-08,3151,5636,NA
1364,Guinea,2015-07-08,3287,11,2049
1373,Guinea,2015-07-09,3290,4,2055
1374,Liberia,2015-07-09,3151,5636,NA
1375,Sierra Leone,2015-07-09,8675,4207,3575
1384,Guinea,2015-07-10,3293,8,2055
1385,Liberia,2015-07-10,3151,5636,NA
1386,Sierra Leone,2015-07-10,8676,4214,3575
1395,Guinea,2015-07-13,3299,5,2056
1396,Liberia,2015-07-13,3151,5636,NA
1397,Sierra Leone,2015-07-13,8687,4227,3580
1406,Guinea,2015-07-14,3300,10,2056
1407,Liberia,2015-07-14,3151,5636,NA
1408,Sierra Leone,2015-07-14,8688,4234,3581
1417,Sierra Leone,2015-07-15,8688,4234,3581
1418,Guinea,2015-07-15,3300,10,2056
1419,Liberia,2015-07-15,3151,5636,NA
1428,Guinea,2015-07-16,3304,8,2056
1429,Liberia,2015-07-16,3151,5636,NA
1430,Sierra Leone,2015-07-16,8688,4234,3581
1439,Guinea,2015-07-17,3310,10,2059
1440,Liberia,2015-07-17,3151,5636,NA
1441,Sierra Leone,2015-07-17,8688,4234,3581
1450,Guinea,2015-07-20,3322,12,2061
1451,Liberia,2015-07-20,3151,5636,NA
1452,Sierra Leone,2015-07-20,8692,4262,3583
1461,Guinea,2015-07-21,3322,11,2062
1462,Liberia,2015-07-21,3151,5636,NA
1463,Sierra Leone,2015-07-21,8692,4271,3583
1472,Guinea,2015-07-22,3322,11,2062
1473,Liberia,2015-07-22,3151,5636,NA
1474,Sierra Leone,2015-07-22,8692,4271,3583
1483,Guinea,2015-07-23,3325,13,2066
1484,Liberia,2015-07-23,3151,5636,NA
1485,Sierra Leone,2015-07-23,8693,4282,3583
1494,Guinea,2015-07-24,3325,11,2066
1495,Liberia,2015-07-24,3151,5636,NA
1496,Sierra Leone,2015-07-24,8693,4284,3583
1505,Guinea,2015-07-27,3325,16,2068
1506,Liberia,2015-07-27,3151,5636,NA
1507,Sierra Leone,2015-07-27,8694,4302,3585
1516,Guinea,2015-07-28,3326,9,2069
1517,Liberia,2015-07-28,3151,5636,NA
1518,Sierra Leone,2015-07-28,8694,4309,3585
1527,Sierra Leone,2015-07-29,8694,4309,3585
1528,Guinea,2015-07-29,3326,9,2069
1529,Liberia,2015-07-29,3151,5636,NA
1538,Sierra Leone,2015-07-30,8694,4398,3585
1539,Liberia,2015-07-30,3151,5636,NA
1540,Guinea,2015-07-30,3326,7,2069
1549,Guinea,2015-07-31,3326,3,2069
1550,Sierra Leone,2015-07-31,8694,4406,3585
1551,Liberia,2015-07-31,3151,5636,NA
1560,Liberia,2015-08-03,3151,5636,NA
1561,Sierra Leone,2015-08-03,8695,4420,3585
1562,Guinea,2015-08-03,3327,7,2070
1571,Liberia,2015-08-04,3151,5636,NA
1572,Sierra Leone,2015-08-04,8695,4424,3585
1573,Guinea,2015-08-04,3327,5,2070
1582,Liberia,2015-08-05,3151,5636,NA
1583,Sierra Leone,2015-08-05,8695,4424,3585
1584,Guinea,2015-08-05,3327,5,2070
1593,Sierra Leone,2015-08-06,8696,4443,3585
1594,Guinea,2015-08-06,3329,11,2072
1595,Liberia,2015-08-06,3151,5636,NA
1604,Liberia,2015-08-07,3151,5636,NA
1605,Sierra Leone,2015-08-07,8696,4445,3585
1606,Guinea,2015-08-07,3329,14,2072
1615,Liberia,2015-08-10,3151,5636,NA
1616,Sierra Leone,2015-08-10,8697,4481,3585
1617,Guinea,2015-08-10,3329,10,2072
1626,Liberia,2015-08-11,3151,5636,NA
1627,Sierra Leone,2015-08-11,8697,4486,3585
1628,Guinea,2015-08-11,3329,6,2072
1637,Guinea,2015-08-12,3329,6,2072
1638,Liberia,2015-08-12,3151,5636,NA
1639,Sierra Leone,2015-08-12,8697,4486,3585
1648,Guinea,2015-08-13,3330,10,2072
1649,Liberia,2015-08-13,3151,5636,NA
1650,Sierra Leone,2015-08-13,8697,4500,3585
1659,Liberia,2015-08-14,3151,5636,NA
1660,Sierra Leone,2015-08-14,8697,4501,3586
1661,Guinea,2015-08-14,3330,9,2072
1670,Guinea,2015-08-17,3332,6,2072
1671,Sierra Leone,2015-08-17,8697,4505,3586
1672,Liberia,2015-08-17,3151,5636,NA
1681,Guinea,2015-08-18,3332,2,2072
1682,Liberia,2015-08-18,3151,5636,NA
1683,Sierra Leone,2015-08-18,8697,4510,3586
1692,Sierra Leone,2015-08-19,8697,4510,3586
1693,Guinea,2015-08-19,3332,2,2072
1694,Liberia,2015-08-19,3151,5636,NA
1703,Liberia,2015-08-20,3151,5636,NA
1704,Sierra Leone,2015-08-20,8697,4534,3586
1705,Guinea,2015-08-20,3334,6,2074
1714,Liberia,2015-08-21,3151,5636,NA
1715,Sierra Leone,2015-08-21,8697,4549,3586
1716,Guinea,2015-08-21,3334,9,2074
1725,Guinea,2015-08-24,3334,4,2075
1726,Liberia,2015-08-24,3151,5636,NA
1727,Sierra Leone,2015-08-24,8697,4554,3586
1736,Guinea,2015-08-25,3335,5,2075
1737,Liberia,2015-08-25,3151,5636,NA
1738,Sierra Leone,2015-08-25,8697,4557,3586
1747,Liberia,2015-08-26,3151,5636,NA
1748,Guinea,2015-08-26,3335,5,2075
1749,Sierra Leone,2015-08-26,8697,4557,3586
1758,Liberia,2015-08-27,3151,5636,NA
1759,Sierra Leone,2015-08-27,8697,4598,3586
1760,Guinea,2015-08-27,3336,9,2076
1769,Liberia,2015-08-28,3151,5636,NA
1770,Sierra Leone,2015-08-28,8697,4602,3586
1771,Guinea,2015-08-28,3336,9,2076
1780,Liberia,2015-08-31,3151,5636,NA
1781,Sierra Leone,2015-08-31,8698,4618,3587
1782,Guinea,2015-08-31,3337,1,2076
1791,Guinea,2015-09-01,3337,3,2077
1792,Liberia,2015-09-01,3151,5636,NA
1793,Sierra Leone,2015-09-01,8698,4624,3587
1802,Guinea,2015-09-02,3337,3,2077
1803,Sierra Leone,2015-09-02,8698,4624,3587
1804,Liberia,2015-09-02,3151,5636,NA
1813,Guinea,2015-09-03,3338,2,2077
1814,Liberia,2015-09-03,3151,5636,NA
1815,Sierra Leone,2015-09-03,8698,4653,3587
1824,Guinea,2015-09-04,3338,2,2077
1825,Sierra Leone,2015-09-04,8698,4654,3587
1826,Liberia,2015-09-04,3151,5636,NA
1835,Liberia,2015-09-07,3151,5636,NA
1836,Sierra Leone,2015-09-07,8699,4684,3587
1837,Guinea,2015-09-07,3338,3,2078
1846,Liberia,2015-09-08,3151,5636,NA
1847,Sierra Leone,2015-09-08,8699,4697,3587
1848,Guinea,2015-09-08,3338,2,2078
1857,Guinea,2015-09-09,3338,2,2078
1858,Sierra Leone,2015-09-09,8699,4697,3587
1859,Liberia,2015-09-09,3151,5636,NA
1868,Liberia,2015-09-10,3151,5636,NA
1869,Sierra Leone,2015-09-10,8702,4708,3587
1870,Guinea,2015-09-10,3338,1,2078
1879,Liberia,2015-09-11,3151,5636,NA
1880,Sierra Leone,2015-09-11,8703,4711,3587
1881,Guinea,2015-09-11,3338,1,2078
1890,Liberia,2015-09-14,3151,5636,NA
1891,Sierra Leone,2015-09-14,8703,4757,3587
1892,Guinea,2015-09-14,3338,3,2078
1901,Sierra Leone,2015-09-15,8704,4765,3587
1902,Guinea,2015-09-15,3338,2,2078
1903,Liberia,2015-09-15,3151,5636,NA
1912,Guinea,2015-09-16,3338,2,2078
1913,Sierra Leone,2015-09-16,8704,4765,3587
1914,Liberia,2015-09-16,3151,5636,NA
1923,Liberia,2015-09-17,3151,5636,NA
1924,Sierra Leone,2015-09-17,8704,4788,3589
1925,Guinea,2015-09-17,3338,4,2078
1934,Liberia,2015-09-18,3151,5636,NA
1935,Sierra Leone,2015-09-18,8704,4794,3589
1936,Guinea,2015-09-18,3339,3,2079
1945,Sierra Leone,2015-09-21,8704,4820,3589
1946,Guinea,2015-09-21,3340,4,2079
1947,Liberia,2015-09-21,3151,5636,NA
1956,Guinea,2015-09-22,3340,7,2079
1957,Liberia,2015-09-22,3151,5636,NA
1958,Sierra Leone,2015-09-22,8704,4832,3589
1967,Liberia,2015-09-23,3151,5636,NA
1968,Sierra Leone,2015-09-23,8704,4832,3589
1969,Guinea,2015-09-23,3340,7,2079
1978,Liberia,2015-09-24,3151,5636,NA
1979,Sierra Leone,2015-09-24,8704,4855,3589
1980,Guinea,2015-09-24,3340,8,2080
1989,Liberia,2015-09-25,3151,5636,NA
1990,Sierra Leone,2015-09-25,8704,4864,3589
1991,Guinea,2015-09-25,3340,4,2080
2000,Sierra Leone,2015-09-28,8704,4903,3589
2001,Liberia,2015-09-28,3151,5636,NA
2002,Guinea,2015-09-28,3342,10,2080
2011,Liberia,2015-09-29,3151,5636,NA
2012,Sierra Leone,2015-09-29,8704,4920,3589
2013,Guinea,2015-09-29,3344,8,2080
2022,Liberia,2015-09-30,3151,5636,NA
2023,Sierra Leone,2015-09-30,8704,4920,3589
2024,Guinea,2015-09-30,3344,8,2080
2033,Sierra Leone,2015-10-01,8704,4937,3589
2034,Liberia,2015-10-01,3151,5636,NA
2035,Guinea,2015-10-01,3344,11,2080
2044,Sierra Leone,2015-10-02,8704,4940,3589
2045,Liberia,2015-10-02,3151,5636,NA
2046,Guinea,2015-10-02,3344,12,2080
2055,Liberia,2015-10-05,3151,5636,NA
2056,Sierra Leone,2015-10-05,8704,4950,3589
2057,Guinea,2015-10-05,3344,7,2081
2066,Guinea,2015-10-06,3344,7,2081
2067,Sierra Leone,2015-10-06,8704,4954,3589
2068,Liberia,2015-10-06,3151,5636,NA
2077,Liberia,2015-10-07,3151,5636,NA
2078,Sierra Leone,2015-10-07,8704,4954,3589
2079,Guinea,2015-10-07,3344,7,2081
2088,Liberia,2015-10-08,3151,5636,NA
2089,Sierra Leone,2015-10-08,8704,4965,3589
2090,Guinea,2015-10-08,3344,2,2081
2099,Sierra Leone,2015-10-09,8704,4966,3589
2100,Liberia,2015-10-09,3151,5636,NA
2101,Guinea,2015-10-09,3344,3,2081
2110,Sierra Leone,2015-10-13,8704,4991,3589
2111,Liberia,2015-10-13,3151,5636,NA
2112,Guinea,2015-10-13,3344,3,2081
2121,Liberia,2015-10-15,3151,5636,NA
2122,Sierra Leone,2015-10-15,8704,5001,3589
2123,Guinea,2015-10-15,3345,4,2081
2132,Guinea,2015-10-16,3346,5,2082
2133,Liberia,2015-10-16,3151,5636,NA
2134,Sierra Leone,2015-10-16,8704,5001,3589
2143,Sierra Leone,2015-10-20,8704,5010,3589
2144,Liberia,2015-10-20,3151,5636,NA
2145,Guinea,2015-10-20,3347,3,2082
2154,Sierra Leone,2015-10-22,8704,5040,3589
2155,Liberia,2015-10-22,3151,5636,NA
2156,Guinea,2015-10-22,3347,1,2082
2165,Guinea,2015-10-23,3347,1,2082
2166,Sierra Leone,2015-10-23,8704,5047,3589
2167,Liberia,2015-10-23,3151,5636,NA
2176,Sierra Leone,2015-10-26,8704,5061,3589
2177,Liberia,2015-10-26,3151,5636,NA
2178,Guinea,2015-10-26,3350,1,2082
2187,Sierra Leone,2015-10-27,8704,5070,3589
2188,Liberia,2015-10-27,3151,5636,NA
2189,Guinea,2015-10-27,3350,3,2082
2198,Sierra Leone,2015-10-29,8704,5075,3589
2199,Liberia,2015-10-29,3151,5636,NA
2200,Guinea,2015-10-29,3350,5,2083
2209,Sierra Leone,2015-10-30,8704,5076,3589
2210,Liberia,2015-10-30,3151,5636,NA
2211,Guinea,2015-10-30,3350,5,2083
2220,Guinea,2015-11-03,3351,6,2083
2221,Liberia,2015-11-03,3151,5636,NA
2222,Sierra Leone,2015-11-03,8704,5098,3589
2231,Guinea,2015-11-05,3351,1,2083
2232,Sierra Leone,2015-11-05,8704,5113,3589
2233,Liberia,2015-11-05,3151,5636,NA
2242,Sierra Leone,2015-11-06,8704,5118,3589
2243,Liberia,2015-11-06,3151,5636,NA
2244,Guinea,2015-11-06,3351,1,2083
2253,Liberia,2015-11-10,3151,5636,NA
2254,Sierra Leone,2015-11-10,8704,5131,3589
2255,Guinea,2015-11-10,3351,1,2083
2264,Liberia,2015-11-11,3151,5636,NA
2265,Guinea,2015-11-11,3351,1,2083
2266,Sierra Leone,2015-11-11,8704,5131,3589
2275,Liberia,2015-11-12,3151,5636,NA
2276,Sierra Leone,2015-11-12,8704,5131,3589
2277,Guinea,2015-11-12,3351,1,2083
2286,Liberia,2015-11-16,3151,5636,NA
2287,Sierra Leone,2015-11-16,8704,5131,3589
2288,Guinea,2015-11-16,3351,1,2083
2297,Liberia,2015-11-17,3151,5636,NA
2298,Sierra Leone,2015-11-17,8704,5131,3589
2299,Guinea,2015-11-17,3351,0,2083
2308,Guinea,2015-11-20,3351,0,2083
2309,Sierra Leone,2015-11-20,8704,5131,3589
2310,Liberia,2015-11-20,3151,5636,NA
2319,Sierra Leone,2015-11-24,8704,5131,3589
2320,Liberia,2015-11-24,3151,5636,NA
2321,Guinea,2015-11-24,3351,0,2083
2330,Liberia,2015-11-26,3151,5636,NA
2331,Sierra Leone,2015-11-26,8704,5131,3589
2332,Guinea,2015-11-26,3351,0,2083
2341,Liberia,2015-12-01,3151,5636,NA
2342,Sierra Leone,2015-12-01,8704,5131,3589
2343,Guinea,2015-12-01,3351,0,2083
2352,Liberia,2015-12-02,3151,5636,NA
2353,Guinea,2015-12-02,3351,0,2083
2354,Sierra Leone,2015-12-02,8704,5131,3589
2363,Guinea,2015-12-03,3351,1,2083
2364,Liberia,2015-12-03,3151,5636,NA
2365,Sierra Leone,2015-12-03,8704,5131,3589
2374,Guinea,2015-12-09,3351,0,2083
2375,Liberia,2015-12-09,3151,5636,NA
2376,Sierra Leone,2015-12-09,8704,5131,3589
2385,Guinea,2015-12-10,3351,0,2083
2386,Sierra Leone,2015-12-10,8704,5131,3589
2387,Liberia,2015-12-10,3151,5636,NA
2396,Sierra Leone,2015-12-11,8704,5131,3589
2397,Liberia,2015-12-11,3151,5636,NA
2398,Guinea,2015-12-11,3351,0,2083
2407,Guinea,2015-12-15,3351,3,2083
2408,Liberia,2015-12-15,3151,5636,NA
2409,Sierra Leone,2015-12-15,8704,5131,3589
2418,Sierra Leone,2015-12-16,8704,5131,3589
2419,Guinea,2015-12-16,3351,3,2083
2420,Liberia,2015-12-16,3151,5636,NA
2429,Sierra Leone,2015-12-17,8704,5131,3589
2430,Liberia,2015-12-17,3151,5636,NA
2431,Guinea,2015-12-17,3351,1,2083
2440,Liberia,2015-12-22,3151,5636,NA
2441,Sierra Leone,2015-12-22,8704,5131,3589
2442,Guinea,2015-12-22,3351,0,2083
2451,Liberia,2015-12-23,3151,5636,NA
2452,Sierra Leone,2015-12-23,8704,5131,3589
2453,Guinea,2015-12-23,3351,0,2083
2462,Liberia,2015-12-29,3151,5636,NA
2463,Sierra Leone,2015-12-29,8704,5131,3589
2464,Guinea,2015-12-29,3351,0,2083
2473,Guinea,2016-03-23,3351,0,2083
2474,Liberia,2016-03-23,3151,5636,NA
2475,Sierra Leone,2016-03-23,8704,5131,3589
